Country.Region,yr,estimates,pop,,citation
Africa,2019,Population mid-year estimates (millions),1308.0642,,"United Nations Population Division, New York, World Population Prospects: The 2019 Revision, last accessed June 2019."
Northern Africa,2019,Population mid-year estimates (millions),241.7808,,"United Nations Population Division, New York, World Population Prospects: The 2019 Revision, last accessed June 2019."
Sub-Saharan Africa,2019,Population mid-year estimates (millions),1066.2834,,"United Nations Population Division, New York, World Population Prospects: The 2019 Revision, last accessed June 2019."
Eastern Africa,2019,Population mid-year estimates (millions),433.9049,,"United Nations Population Division, New York, World Population Prospects: The 2019 Revision, last accessed June 2019."
Middle Africa,2019,Population mid-year estimates (millions),174.3084,,"United Nations Population Division, New York, World Population Prospects: The 2019 Revision, last accessed June 2019."
Southern Africa,2019,Population mid-year estimates (millions),66.6299,,"United Nations Population Division, New York, World Population Prospects: The 2019 Revision, last accessed June 2019."
Western Africa,2019,Population mid-year estimates (millions),391.4402,Including Saint Helena.,"United Nations Population Division, New York, World Population Prospects: The 2019 Revision, last accessed June 2019."
Americas,2019,Population mid-year estimates (millions),1014.7219,Calculated by the UN Statistics Division.,"United Nations Population Division, New York, World Population Prospects: The 2019 Revision, last accessed June 2019."
Northern America,2019,Population mid-year estimates (millions),366.6010,"Including Bermuda, Greenland, and Saint Pierre and Miquelon.","United Nations Population Division, New York, World Population Prospects: The 2019 Revision, last accessed June 2019."
Latin America & the Caribbean,2019,Population mid-year estimates (millions),648.1210,,"United Nations Population Division, New York, World Population Prospects: The 2019 Revision, last accessed June 2019."
Caribbean,2019,Population mid-year estimates (millions),43.3350,,"United Nations Population Division, New York, World Population Prospects: The 2019 Revision, last accessed June 2019."
Central America,2019,Population mid-year estimates (millions),177.5865,,"United Nations Population Division, New York, World Population Prospects: The 2019 Revision, last accessed June 2019."
South America,2019,Population mid-year estimates (millions),427.1994,,"United Nations Population Division, New York, World Population Prospects: The 2019 Revision, last accessed June 2019."
Asia,2019,Population mid-year estimates (millions),4601.3712,,"United Nations Population Division, New York, World Population Prospects: The 2019 Revision, last accessed June 2019."
Central Asia,2019,Population mid-year estimates (millions),73.2121,,"United Nations Population Division, New York, World Population Prospects: The 2019 Revision, last accessed June 2019."
Eastern Asia,2019,Population mid-year estimates (millions),1672.6111,,"United Nations Population Division, New York, World Population Prospects: The 2019 Revision, last accessed June 2019."
South-central Asia,2019,Population mid-year estimates (millions),1991.4235,,"United Nations Population Division, New York, World Population Prospects: The 2019 Revision, last accessed June 2019."
South-eastern Asia,2019,Population mid-year estimates (millions),662.0118,,"United Nations Population Division, New York, World Population Prospects: The 2019 Revision, last accessed June 2019."
Southern Asia,2019,Population mid-year estimates (millions),1918.2114,,"United Nations Population Division, New York, World Population Prospects: The 2019 Revision, last accessed June 2019."
Western Asia,2019,Population mid-year estimates (millions),275.3248,,"United Nations Population Division, New York, World Population Prospects: The 2019 Revision, last accessed June 2019."
Europe,2019,Population mid-year estimates (millions),747.1828,,"United Nations Population Division, New York, World Population Prospects: The 2019 Revision, last accessed June 2019."
Eastern Europe,2019,Population mid-year estimates (millions),293.4449,,"United Nations Population Division, New York, World Population Prospects: The 2019 Revision, last accessed June 2019."
Northern Europe,2019,Population mid-year estimates (millions),105.7685,,"United Nations Population Division, New York, World Population Prospects: The 2019 Revision, last accessed June 2019."
Southern Europe,2019,Population mid-year estimates (millions),152.4469,,"United Nations Population Division, New York, World Population Prospects: The 2019 Revision, last accessed June 2019."
Western Europe,2019,Population mid-year estimates (millions),195.5224,,"United Nations Population Division, New York, World Population Prospects: The 2019 Revision, last accessed June 2019."
Oceania,2019,Population mid-year estimates (millions),42.1280,,"United Nations Population Division, New York, World Population Prospects: The 2019 Revision, last accessed June 2019."
Australia and New Zealand,2019,Population mid-year estimates (millions),29.9863,,"United Nations Population Division, New York, World Population Prospects: The 2019 Revision, last accessed June 2019."
Melanesia,2019,Population mid-year estimates (millions),10.9185,,"United Nations Population Division, New York, World Population Prospects: The 2019 Revision, last accessed June 2019."
Micronesia,2019,Population mid-year estimates (millions),0.5435,,"United Nations Population Division, New York, World Population Prospects: The 2019 Revision, last accessed June 2019."
Polynesia,2019,Population mid-year estimates (millions),0.6798,Including Pitcairn.,"United Nations Population Division, New York, World Population Prospects: The 2019 Revision, last accessed June 2019."
Afghanistan,2019,Population mid-year estimates (millions),38.0418,,"United Nations Population Division, New York, World Population Prospects: The 2019 Revision, last accessed June 2019."
Albania,2019,Population mid-year estimates (millions),2.8809,,"United Nations Population Division, New York, World Population Prospects: The 2019 Revision, last accessed June 2019."
Algeria,2019,Population mid-year estimates (millions),43.0531,,"United Nations Population Division, New York, World Population Prospects: The 2019 Revision, last accessed June 2019."
American Samoa,2019,Population mid-year estimates (millions),0.0553,,"United Nations Population Division, New York, World Population Prospects: The 2019 Revision, last accessed June 2019."
Andorra,2019,Population mid-year estimates (millions),0.0771,,"United Nations Population Division, New York, World Population Prospects: The 2019 Revision, last accessed June 2019."
Angola,2019,Population mid-year estimates (millions),31.8253,,"United Nations Population Division, New York, World Population Prospects: The 2019 Revision, last accessed June 2019."
Anguilla,2019,Population mid-year estimates (millions),0.0149,,"United Nations Population Division, New York, World Population Prospects: The 2019 Revision, last accessed June 2019."
Antigua and Barbuda,2019,Population mid-year estimates (millions),0.0971,,"United Nations Population Division, New York, World Population Prospects: The 2019 Revision, last accessed June 2019."
Argentina,2019,Population mid-year estimates (millions),44.7807,,"United Nations Population Division, New York, World Population Prospects: The 2019 Revision, last accessed June 2019."
Armenia,2019,Population mid-year estimates (millions),2.9577,,"United Nations Population Division, New York, World Population Prospects: The 2019 Revision, last accessed June 2019."
Aruba,2019,Population mid-year estimates (millions),0.1063,,"United Nations Population Division, New York, World Population Prospects: The 2019 Revision, last accessed June 2019."
Australia,2019,Population mid-year estimates (millions),25.2032,"Including Christmas Island, Cocos (Keeling) Islands and Norfolk Island.","United Nations Population Division, New York, World Population Prospects: The 2019 Revision, last accessed June 2019."
Austria,2019,Population mid-year estimates (millions),8.9551,,"United Nations Population Division, New York, World Population Prospects: The 2019 Revision, last accessed June 2019."
Azerbaijan,2019,Population mid-year estimates (millions),10.0477,Including Nagorno-Karabakh.,"United Nations Population Division, New York, World Population Prospects: The 2019 Revision, last accessed June 2019."
Bahamas,2019,Population mid-year estimates (millions),0.3895,,"United Nations Population Division, New York, World Population Prospects: The 2019 Revision, last accessed June 2019."
Bahrain,2019,Population mid-year estimates (millions),1.6412,,"United Nations Population Division, New York, World Population Prospects: The 2019 Revision, last accessed June 2019."
Bangladesh,2019,Population mid-year estimates (millions),163.0462,,"United Nations Population Division, New York, World Population Prospects: The 2019 Revision, last accessed June 2019."
Barbados,2019,Population mid-year estimates (millions),0.2870,,"United Nations Population Division, New York, World Population Prospects: The 2019 Revision, last accessed June 2019."
Belarus,2019,Population mid-year estimates (millions),9.4524,,"United Nations Population Division, New York, World Population Prospects: The 2019 Revision, last accessed June 2019."
Belgium,2019,Population mid-year estimates (millions),11.5393,,"United Nations Population Division, New York, World Population Prospects: The 2019 Revision, last accessed June 2019."
Belize,2019,Population mid-year estimates (millions),0.3904,,"United Nations Population Division, New York, World Population Prospects: The 2019 Revision, last accessed June 2019."
Benin,2019,Population mid-year estimates (millions),11.8012,,"United Nations Population Division, New York, World Population Prospects: The 2019 Revision, last accessed June 2019."
Bermuda,2019,Population mid-year estimates (millions),0.0625,,"United Nations Population Division, New York, World Population Prospects: The 2019 Revision, last accessed June 2019."
Bhutan,2019,Population mid-year estimates (millions),0.7631,,"United Nations Population Division, New York, World Population Prospects: The 2019 Revision, last accessed June 2019."
Bolivia,2019,Population mid-year estimates (millions),11.5131,,"United Nations Population Division, New York, World Population Prospects: The 2019 Revision, last accessed June 2019."
"Bonaire, St. Eustatius & Saba",2019,Population mid-year estimates (millions),0.0260,,"United Nations Population Division, New York, World Population Prospects: The 2019 Revision, last accessed June 2019."
Bosnia and Herzegovina,2019,Population mid-year estimates (millions),3.3010,,"United Nations Population Division, New York, World Population Prospects: The 2019 Revision, last accessed June 2019."
Botswana,2019,Population mid-year estimates (millions),2.3037,,"United Nations Population Division, New York, World Population Prospects: The 2019 Revision, last accessed June 2019."
Brazil,2019,Population mid-year estimates (millions),211.0495,,"United Nations Population Division, New York, World Population Prospects: The 2019 Revision, last accessed June 2019."
British Virgin Islands,2019,Population mid-year estimates (millions),0.0300,,"United Nations Population Division, New York, World Population Prospects: The 2019 Revision, last accessed June 2019."
Brunei Darussalam,2019,Population mid-year estimates (millions),0.4333,,"United Nations Population Division, New York, World Population Prospects: The 2019 Revision, last accessed June 2019."
Bulgaria,2019,Population mid-year estimates (millions),7.0001,,"United Nations Population Division, New York, World Population Prospects: The 2019 Revision, last accessed June 2019."
Burkina Faso,2019,Population mid-year estimates (millions),20.3214,,"United Nations Population Division, New York, World Population Prospects: The 2019 Revision, last accessed June 2019."
Burundi,2019,Population mid-year estimates (millions),11.5306,,"United Nations Population Division, New York, World Population Prospects: The 2019 Revision, last accessed June 2019."
Cabo Verde,2019,Population mid-year estimates (millions),0.5499,,"United Nations Population Division, New York, World Population Prospects: The 2019 Revision, last accessed June 2019."
Cambodia,2019,Population mid-year estimates (millions),16.4865,,"United Nations Population Division, New York, World Population Prospects: The 2019 Revision, last accessed June 2019."
Cameroon,2019,Population mid-year estimates (millions),25.8764,,"United Nations Population Division, New York, World Population Prospects: The 2019 Revision, last accessed June 2019."
Canada,2019,Population mid-year estimates (millions),37.4110,,"United Nations Population Division, New York, World Population Prospects: The 2019 Revision, last accessed June 2019."
Cayman Islands,2019,Population mid-year estimates (millions),0.0649,,"United Nations Population Division, New York, World Population Prospects: The 2019 Revision, last accessed June 2019."
Central African Republic,2019,Population mid-year estimates (millions),4.7452,,"United Nations Population Division, New York, World Population Prospects: The 2019 Revision, last accessed June 2019."
Chad,2019,Population mid-year estimates (millions),15.9469,,"United Nations Population Division, New York, World Population Prospects: The 2019 Revision, last accessed June 2019."
Channel Islands,2019,Population mid-year estimates (millions),0.1723,Refers to Guernsey and Jersey.,"United Nations Population Division, New York, World Population Prospects: The 2019 Revision, last accessed June 2019."
Chile,2019,Population mid-year estimates (millions),18.9520,,"United Nations Population Division, New York, World Population Prospects: The 2019 Revision, last accessed June 2019."
China,2019,Population mid-year estimates (millions),1433.7837,"For statistical purposes, the data for China do not include those for the Hong Kong Special Administrative Region (Hong Kong SAR), Macao Special Administrative Region (Macao SAR) and Taiwan Province of China.","United Nations Population Division, New York, World Population Prospects: The 2019 Revision, last accessed June 2019."
"China, Hong Kong SAR",2019,Population mid-year estimates (millions),7.4362,,"United Nations Population Division, New York, World Population Prospects: The 2019 Revision, last accessed June 2019."
"China, Macao SAR",2019,Population mid-year estimates (millions),0.6404,,"United Nations Population Division, New York, World Population Prospects: The 2019 Revision, last accessed June 2019."
Colombia,2019,Population mid-year estimates (millions),50.3394,,"United Nations Population Division, New York, World Population Prospects: The 2019 Revision, last accessed June 2019."
Comoros,2019,Population mid-year estimates (millions),0.8509,,"United Nations Population Division, New York, World Population Prospects: The 2019 Revision, last accessed June 2019."
Congo,2019,Population mid-year estimates (millions),5.3805,,"United Nations Population Division, New York, World Population Prospects: The 2019 Revision, last accessed June 2019."
Cook Islands,2019,Population mid-year estimates (millions),0.0175,,"United Nations Population Division, New York, World Population Prospects: The 2019 Revision, last accessed June 2019."
Costa Rica,2019,Population mid-year estimates (millions),5.0476,,"United Nations Population Division, New York, World Population Prospects: The 2019 Revision, last accessed June 2019."
Croatia,2019,Population mid-year estimates (millions),4.1303,,"United Nations Population Division, New York, World Population Prospects: The 2019 Revision, last accessed June 2019."
Cuba,2019,Population mid-year estimates (millions),11.3335,,"United Nations Population Division, New York, World Population Prospects: The 2019 Revision, last accessed June 2019."
Cyprus,2019,Population mid-year estimates (millions),1.1986,Refers to the whole country.,"United Nations Population Division, New York, World Population Prospects: The 2019 Revision, last accessed June 2019."
Czechia,2019,Population mid-year estimates (millions),10.6892,,"United Nations Population Division, New York, World Population Prospects: The 2019 Revision, last accessed June 2019."
Dem. People's Rep. Korea,2019,Population mid-year estimates (millions),25.6662,,"United Nations Population Division, New York, World Population Prospects: The 2019 Revision, last accessed June 2019."
Dem. Rep. of the Congo,2019,Population mid-year estimates (millions),86.7906,,"United Nations Population Division, New York, World Population Prospects: The 2019 Revision, last accessed June 2019."
Denmark,2019,Population mid-year estimates (millions),5.7719,,"United Nations Population Division, New York, World Population Prospects: The 2019 Revision, last accessed June 2019."
Djibouti,2019,Population mid-year estimates (millions),0.9736,,"United Nations Population Division, New York, World Population Prospects: The 2019 Revision, last accessed June 2019."
Dominica,2019,Population mid-year estimates (millions),0.0718,,"United Nations Population Division, New York, World Population Prospects: The 2019 Revision, last accessed June 2019."
Dominican Republic,2019,Population mid-year estimates (millions),10.7390,,"United Nations Population Division, New York, World Population Prospects: The 2019 Revision, last accessed June 2019."
Ecuador,2019,Population mid-year estimates (millions),17.3737,,"United Nations Population Division, New York, World Population Prospects: The 2019 Revision, last accessed June 2019."
Egypt,2019,Population mid-year estimates (millions),100.3881,,"United Nations Population Division, New York, World Population Prospects: The 2019 Revision, last accessed June 2019."
El Salvador,2019,Population mid-year estimates (millions),6.4536,,"United Nations Population Division, New York, World Population Prospects: The 2019 Revision, last accessed June 2019."
Equatorial Guinea,2019,Population mid-year estimates (millions),1.3560,,"United Nations Population Division, New York, World Population Prospects: The 2019 Revision, last accessed June 2019."
Eritrea,2019,Population mid-year estimates (millions),3.4971,,"United Nations Population Division, New York, World Population Prospects: The 2019 Revision, last accessed June 2019."
Estonia,2019,Population mid-year estimates (millions),1.3256,,"United Nations Population Division, New York, World Population Prospects: The 2019 Revision, last accessed June 2019."
Eswatini,2019,Population mid-year estimates (millions),1.1481,,"United Nations Population Division, New York, World Population Prospects: The 2019 Revision, last accessed June 2019."
Ethiopia,2019,Population mid-year estimates (millions),112.0787,,"United Nations Population Division, New York, World Population Prospects: The 2019 Revision, last accessed June 2019."
Falkland Islands (Malvinas),2019,Population mid-year estimates (millions),0.0034,A dispute exists between the Governments of Argentina and the United Kingdom of Great Britain and Northern Ireland concerning sovereignty over the Falkland Islands (Malvinas).,"United Nations Population Division, New York, World Population Prospects: The 2019 Revision, last accessed June 2019."
Faroe Islands,2019,Population mid-year estimates (millions),0.0487,,"United Nations Population Division, New York, World Population Prospects: The 2019 Revision, last accessed June 2019."
Fiji,2019,Population mid-year estimates (millions),0.8900,,"United Nations Population Division, New York, World Population Prospects: The 2019 Revision, last accessed June 2019."
Finland,2019,Population mid-year estimates (millions),5.5322,Including Aland Islands.,"United Nations Population Division, New York, World Population Prospects: The 2019 Revision, last accessed June 2019." 250,France,2019,Population mid-year estimates (millions),65.1297,,"United Nations Population Division, New York, World Population Prospects: The 2019 Revision, last accessed June 2019."
French Guiana,2019,Population mid-year estimates (millions),0.2908,,"United Nations Population Division, New York, World Population Prospects: The 2019 Revision, last accessed June 2019."
French Polynesia,2019,Population mid-year estimates (millions),0.2793,,"United Nations Population Division, New York, World Population Prospects: The 2019 Revision, last accessed June 2019."
Gabon,2019,Population mid-year estimates (millions),2.1726,,"United Nations Population Division, New York, World Population Prospects: The 2019 Revision, last accessed June 2019."
Gambia,2019,Population mid-year estimates (millions),2.3477,,"United Nations Population Division, New York, World Population Prospects: The 2019 Revision, last accessed June 2019."
Georgia,2019,Population mid-year estimates (millions),3.9968,Including Abkhazia and South Ossetia.,"United Nations Population Division, New York, World Population Prospects: The 2019 Revision, last accessed June 2019."
Germany,2019,Population mid-year estimates (millions),83.5170,,"United Nations Population Division, New York, World Population Prospects: The 2019 Revision, last accessed June 2019."
Ghana,2019,Population mid-year estimates (millions),30.4179,,"United Nations Population Division, New York, World Population Prospects: The 2019 Revision, last accessed June 2019."
Gibraltar,2019,Population mid-year estimates (millions),0.0337,,"United Nations Population Division, New York, World Population Prospects: The 2019 Revision, last accessed June 2019."
Greece,2019,Population mid-year estimates (millions),10.4735,,"United Nations Population Division, New York, World Population Prospects: The 2019 Revision, last accessed June 2019."
Greenland,2019,Population mid-year estimates (millions),0.0567,,"United Nations Population Division, New York, World Population Prospects: The 2019 Revision, last accessed June 2019."
Grenada,2019,Population mid-year estimates (millions),0.1120,,"United Nations Population Division, New York, World Population Prospects: The 2019 Revision, last accessed June 2019."
Guadeloupe,2019,Population mid-year estimates (millions),0.4001,,"United Nations Population Division, New York, World Population Prospects: The 2019 Revision, last accessed June 2019."
Guam,2019,Population mid-year estimates (millions),0.1673,,"United Nations Population Division, New York, World Population Prospects: The 2019 Revision, last accessed June 2019."
Guatemala,2019,Population mid-year estimates (millions),17.5815,,"United Nations Population Division, New York, World Population Prospects: The 2019 Revision, last accessed June 2019."
Guinea,2019,Population mid-year estimates (millions),12.7712,,"United Nations Population Division, New York, World Population Prospects: The 2019 Revision, last accessed June 2019."
Guinea-Bissau,2019,Population mid-year estimates (millions),1.9209,,"United Nations Population Division, New York, World Population Prospects: The 2019 Revision, last accessed June 2019."
Guyana,2019,Population mid-year estimates (millions),0.7828,,"United Nations Population Division, New York, World Population Prospects: The 2019 Revision, last accessed June 2019."
Haiti,2019,Population mid-year estimates (millions),11.2631,,"United Nations Population Division, New York, World Population Prospects: The 2019 Revision, last accessed June 2019."
Holy See,2019,Population mid-year estimates (millions),0.0008,,"United Nations Population Division, New York, World Population Prospects: The 2019 Revision, last accessed June 2019."
Honduras,2019,Population mid-year estimates (millions),9.7461,,"United Nations Population Division, New York, World Population Prospects: The 2019 Revision, last accessed June 2019."
Hungary,2019,Population mid-year estimates (millions),9.6847,,"United Nations Population Division, New York, World Population Prospects: The 2019 Revision, last accessed June 2019."
Iceland,2019,Population mid-year estimates (millions),0.3390,,"United Nations Population Division, New York, World Population Prospects: The 2019 Revision, last accessed June 2019."
India,2019,Population mid-year estimates (millions),1366.4178,,"United Nations Population Division, New York, World Population Prospects: The 2019 Revision, last accessed June 2019."
Indonesia,2019,Population mid-year estimates (millions),270.6256,,"United Nations Population Division, New York, World Population Prospects: The 2019 Revision, last accessed June 2019."
Iran (Islamic Republic of),2019,Population mid-year estimates (millions),82.9139,,"United Nations Population Division, New York, World Population Prospects: The 2019 Revision, last accessed June 2019."
Iraq,2019,Population mid-year estimates (millions),39.3098,,"United Nations Population Division, New York, World Population Prospects: The 2019 Revision, last accessed June 2019."
Ireland,2019,Population mid-year estimates (millions),4.8825,,"United Nations Population Division, New York, World Population Prospects: The 2019 Revision, last accessed June 2019."
Isle of Man,2019,Population mid-year estimates (millions),0.0846,,"United Nations Population Division, New York, World Population Prospects: The 2019 Revision, last accessed June 2019."
Israel,2019,Population mid-year estimates (millions),8.5194,,"United Nations Population Division, New York, World Population Prospects: The 2019 Revision, last accessed June 2019."
Italy,2019,Population mid-year estimates (millions),60.5501,,"United Nations Population Division, New York, World Population Prospects: The 2019 Revision, last accessed June 2019."
Jamaica,2019,Population mid-year estimates (millions),2.9483,,"United Nations Population Division, New York, World Population Prospects: The 2019 Revision, last accessed June 2019."
Japan,2019,Population mid-year estimates (millions),126.8603,,"United Nations Population Division, New York, World Population Prospects: The 2019 Revision, last accessed June 2019."
Jordan,2019,Population mid-year estimates (millions),10.1017,,"United Nations Population Division, New York, World Population Prospects: The 2019 Revision, last accessed June 2019."
Kazakhstan,2019,Population mid-year estimates (millions),18.5514,,"United Nations Population Division, New York, World Population Prospects: The 2019 Revision, last accessed June 2019."
Kenya,2019,Population mid-year estimates (millions),52.5740,,"United Nations Population Division, New York, World Population Prospects: The 2019 Revision, last accessed June 2019."
Kiribati,2019,Population mid-year estimates (millions),0.1176,,"United Nations Population Division, New York, World Population Prospects: The 2019 Revision, last accessed June 2019."
Kuwait,2019,Population mid-year estimates (millions),4.2071,,"United Nations Population Division, New York, World Population Prospects: The 2019 Revision, last accessed June 2019."
Kyrgyzstan,2019,Population mid-year estimates (millions),6.4159,,"United Nations Population Division, New York, World Population Prospects: The 2019 Revision, last accessed June 2019."
Lao People's Dem. Rep.,2019,Population mid-year estimates (millions),7.1695,,"United Nations Population Division, New York, World Population Prospects: The 2019 Revision, last accessed June 2019."
Latvia,2019,Population mid-year estimates (millions),1.9067,,"United Nations Population Division, New York, World Population Prospects: The 2019 Revision, last accessed June 2019."
Lebanon,2019,Population mid-year estimates (millions),6.8557,,"United Nations Population Division, New York, World Population Prospects: The 2019 Revision, last accessed June 2019."
Lesotho,2019,Population mid-year estimates (millions),2.1253,,"United Nations Population Division, New York, World Population Prospects: The 2019 Revision, last accessed June 2019."
Liberia,2019,Population mid-year estimates (millions),4.9374,,"United Nations Population Division, New York, World Population Prospects: The 2019 Revision, last accessed June 2019."
Libya,2019,Population mid-year estimates (millions),6.7775,,"United Nations Population Division, New York, World Population Prospects: The 2019 Revision, last accessed June 2019."
Liechtenstein,2019,Population mid-year estimates (millions),0.0380,,"United Nations Population Division, New York, World Population Prospects: The 2019 Revision, last accessed June 2019."
Lithuania,2019,Population mid-year estimates (millions),2.7596,,"United Nations Population Division, New York, World Population Prospects: The 2019 Revision, last accessed June 2019."
Luxembourg,2019,Population mid-year estimates (millions),0.6157,,"United Nations Population Division, New York, World Population Prospects: The 2019 Revision, last accessed June 2019."
Madagascar,2019,Population mid-year estimates (millions),26.9693,,"United Nations Population Division, New York, World Population Prospects: The 2019 Revision, last accessed June 2019."
Malawi,2019,Population mid-year estimates (millions),18.6287,,"United Nations Population Division, New York, World Population Prospects: The 2019 Revision, last accessed June 2019."
Malaysia,2019,Population mid-year estimates (millions),31.9498,Including Sabah and Sarawak.,"United Nations Population Division, New York, World Population Prospects: The 2019 Revision, last accessed June 2019."
Maldives,2019,Population mid-year estimates (millions),0.5310,,"United Nations Population Division, New York, World Population Prospects: The 2019 Revision, last accessed June 2019."
Mali,2019,Population mid-year estimates (millions),19.6580,,"United Nations Population Division, New York, World Population Prospects: The 2019 Revision, last accessed June 2019."
Malta,2019,Population mid-year estimates (millions),0.4404,,"United Nations Population Division, New York, World Population Prospects: The 2019 Revision, last accessed June 2019."
Marshall Islands,2019,Population mid-year estimates (millions),0.0588,,"United Nations Population Division, New York, World Population Prospects: The 2019 Revision, last accessed June 2019."
Martinique,2019,Population mid-year estimates (millions),0.3756,,"United Nations Population Division, New York, World Population Prospects: The 2019 Revision, last accessed June 2019."
Mauritania,2019,Population mid-year estimates (millions),4.5257,,"United Nations Population Division, New York, World Population Prospects: The 2019 Revision, last accessed June 2019."
Mauritius,2019,Population mid-year estimates (millions),1.2697,"Including Agalega, Rodrigues and Saint Brandon.","United Nations Population Division, New York, World Population Prospects: The 2019 Revision, last accessed June 2019."
Mayotte,2019,Population mid-year estimates (millions),0.2662,,"United Nations Population Division, New York, World Population Prospects: The 2019 Revision, last accessed June 2019."
Mexico,2019,Population mid-year estimates (millions),127.5755,,"United Nations Population Division, New York, World Population Prospects: The 2019 Revision, last accessed June 2019."
Micronesia (Fed. States of),2019,Population mid-year estimates (millions),0.1138,,"United Nations Population Division, New York, World Population Prospects: The 2019 Revision, last accessed June 2019."
Monaco,2019,Population mid-year estimates (millions),0.0390,,"United Nations Population Division, New York, World Population Prospects: The 2019 Revision, last accessed June 2019."
Mongolia,2019,Population mid-year estimates (millions),3.2252,,"United Nations Population Division, New York, World Population Prospects: The 2019 Revision, last accessed June 2019."
Montenegro,2019,Population mid-year estimates (millions),0.6280,,"United Nations Population Division, New York, World Population Prospects: The 2019 Revision, last accessed June 2019."
Montserrat,2019,Population mid-year estimates (millions),0.0050,,"United Nations Population Division, New York, World Population Prospects: The 2019 Revision, last accessed June 2019."
Morocco,2019,Population mid-year estimates (millions),36.4718,,"United Nations Population Division, New York, World Population Prospects: The 2019 Revision, last accessed June 2019."
Mozambique,2019,Population mid-year estimates (millions),30.3660,,"United Nations Population Division, New York, World Population Prospects: The 2019 Revision, last accessed June 2019."
Myanmar,2019,Population mid-year estimates (millions),54.0454,,"United Nations Population Division, New York, World Population Prospects: The 2019 Revision, last accessed June 2019."
Namibia,2019,Population mid-year estimates (millions),2.4945,,"United Nations Population Division, New York, World Population Prospects: The 2019 Revision, last accessed June 2019."
Nauru,2019,Population mid-year estimates (millions),0.0108,,"United Nations Population Division, New York, World Population Prospects: The 2019 Revision, last accessed June 2019."
Nepal,2019,Population mid-year estimates (millions),28.6087,,"United Nations Population Division, New York, World Population Prospects: The 2019 Revision, last accessed June 2019."
Netherlands,2019,Population mid-year estimates (millions),17.0971,,"United Nations Population Division, New York, World Population Prospects: The 2019 Revision, last accessed June 2019."
New Caledonia,2019,Population mid-year estimates (millions),0.2828,,"United Nations Population Division, New York, World Population Prospects: The 2019 Revision, last accessed June 2019."
New Zealand,2019,Population mid-year estimates (millions),4.7831,,"United Nations Population Division, New York, World Population Prospects: The 2019 Revision, last accessed June 2019."
Nicaragua,2019,Population mid-year estimates (millions),6.5455,,"United Nations Population Division, New York, World Population Prospects: The 2019 Revision, last accessed June 2019."
Niger,2019,Population mid-year estimates (millions),23.3107,,"United Nations Population Division, New York, World Population Prospects: The 2019 Revision, last accessed June 2019."
Nigeria,2019,Population mid-year estimates (millions),200.9636,,"United Nations Population Division, New York, World Population Prospects: The 2019 Revision, last accessed June 2019."
Niue,2019,Population mid-year estimates (millions),0.0016,,"United Nations Population Division, New York, World Population Prospects: The 2019 Revision, last accessed June 2019."
North Macedonia,2019,Population mid-year estimates (millions),2.0835,,"United Nations Population Division, New York, World Population Prospects: The 2019 Revision, last accessed June 2019."
Northern Mariana Islands,2019,Population mid-year estimates (millions),0.0572,,"United Nations Population Division, New York, World Population Prospects: The 2019 Revision, last accessed June 2019."
Norway,2019,Population mid-year estimates (millions),5.3789,Including Svalbard and Jan Mayen Islands.,"United Nations Population Division, New York, World Population Prospects: The 2019 Revision, last accessed June 2019."
Oman,2019,Population mid-year estimates (millions),4.9750,,"United Nations Population Division, New York, World Population Prospects: The 2019 Revision, last accessed June 2019."
Other non-specified areas,2019,Population mid-year estimates (millions),23.7739,,"United Nations Population Division, New York, World Population Prospects: The 2019 Revision, last accessed June 2019."
Pakistan,2019,Population mid-year estimates (millions),216.5653,,"United Nations Population Division, New York, World Population Prospects: The 2019 Revision, last accessed June 2019."
Palau,2019,Population mid-year estimates (millions),0.0180,,"United Nations Population Division, New York, World Population Prospects: The 2019 Revision, last accessed June 2019."
Panama,2019,Population mid-year estimates (millions),4.2464,,"United Nations Population Division, New York, World Population Prospects: The 2019 Revision, last accessed June 2019."
Papua New Guinea,2019,Population mid-year estimates (millions),8.7761,,"United Nations Population Division, New York, World Population Prospects: The 2019 Revision, last accessed June 2019."
Paraguay,2019,Population mid-year estimates (millions),7.0446,,"United Nations Population Division, New York, World Population Prospects: The 2019 Revision, last accessed June 2019."
Peru,2019,Population mid-year estimates (millions),32.5105,,"United Nations Population Division, New York, World Population Prospects: The 2019 Revision, last accessed June 2019."
Philippines,2019,Population mid-year estimates (millions),108.1166,,"United Nations Population Division, New York, World Population Prospects: The 2019 Revision, last accessed June 2019."
Poland,2019,Population mid-year estimates (millions),37.8878,,"United Nations Population Division, New York, World Population Prospects: The 2019 Revision, last accessed June 2019."
Portugal,2019,Population mid-year estimates (millions),10.2262,,"United Nations Population Division, New York, World Population Prospects: The 2019 Revision, last accessed June 2019."
Puerto Rico,2019,Population mid-year estimates (millions),2.9334,,"United Nations Population Division, New York, World Population Prospects: The 2019 Revision, last accessed June 2019."
Qatar,2019,Population mid-year estimates (millions),2.8321,,"United Nations Population Division, New York, World Population Prospects: The 2019 Revision, last accessed June 2019."
Republic of Korea,2019,Population mid-year estimates (millions),51.2253,,"United Nations Population Division, New York, World Population Prospects: The 2019 Revision, last accessed June 2019."
Republic of Moldova,2019,Population mid-year estimates (millions),4.0433,Including the Transnistria region.,"United Nations Population Division, New York, World Population Prospects: The 2019 Revision, last accessed June 2019."
Romania,2019,Population mid-year estimates (millions),19.3646,,"United Nations Population Division, New York, World Population Prospects: The 2019 Revision, last accessed June 2019."
Russian Federation,2019,Population mid-year estimates (millions),145.8723,,"United Nations Population Division, New York, World Population Prospects: The 2019 Revision, last accessed June 2019."
Rwanda,2019,Population mid-year estimates (millions),12.6270,,"United Nations Population Division, New York, World Population Prospects: The 2019 Revision, last accessed June 2019."
Saint Helena,2019,Population mid-year estimates (millions),0.0061,Including Ascension and Tristan da Cunha.,"United Nations Population Division, New York, World Population Prospects: The 2019 Revision, last accessed June 2019."
Saint Kitts and Nevis,2019,Population mid-year estimates (millions),0.0528,,"United Nations Population Division, New York, World Population Prospects: The 2019 Revision, last accessed June 2019."
Saint Lucia,2019,Population mid-year estimates (millions),0.1828,,"United Nations Population Division, New York, World Population Prospects: The 2019 Revision, last accessed June 2019."
Saint Martin (French part),2019,Population mid-year estimates (millions),0.0380,,"United Nations Population Division, New York, World Population Prospects: The 2019 Revision, last accessed June 2019."
Saint Pierre and Miquelon,2019,Population mid-year estimates (millions),0.0058,,"United Nations Population Division, New York, World Population Prospects: The 2019 Revision, last accessed June 2019."
Saint Vincent & Grenadines,2019,Population mid-year estimates (millions),0.1106,,"United Nations Population Division, New York, World Population Prospects: The 2019 Revision, last accessed June 2019."
Samoa,2019,Population mid-year estimates (millions),0.1971,,"United Nations Population Division, New York, World Population Prospects: The 2019 Revision, last accessed June 2019."
San Marino,2019,Population mid-year estimates (millions),0.0339,,"United Nations Population Division, New York, World Population Prospects: The 2019 Revision, last accessed June 2019."
Sao Tome and Principe,2019,Population mid-year estimates (millions),0.2151,,"United Nations Population Division, New York, World Population Prospects: The 2019 Revision, last accessed June 2019."
Saudi Arabia,2019,Population mid-year estimates (millions),34.2685,,"United Nations Population Division, New York, World Population Prospects: The 2019 Revision, last accessed June 2019."
Senegal,2019,Population mid-year estimates (millions),16.2964,,"United Nations Population Division, New York, World Population Prospects: The 2019 Revision, last accessed June 2019."
Serbia,2019,Population mid-year estimates (millions),8.7722,Including Kosovo.,"United Nations Population Division, New York, World Population Prospects: The 2019 Revision, last accessed June 2019."
Seychelles,2019,Population mid-year estimates (millions),0.0977,,"United Nations Population Division, New York, World Population Prospects: The 2019 Revision, last accessed June 2019."
Sierra Leone,2019,Population mid-year estimates (millions),7.8132,,"United Nations Population Division, New York, World Population Prospects: The 2019 Revision, last accessed June 2019."
Singapore,2019,Population mid-year estimates (millions),5.8043,,"United Nations Population Division, New York, World Population Prospects: The 2019 Revision, last accessed June 2019."
Sint Maarten (Dutch part),2019,Population mid-year estimates (millions),0.0424,,"United Nations Population Division, New York, World Population Prospects: The 2019 Revision, last accessed June 2019."
Slovakia,2019,Population mid-year estimates (millions),5.4570,,"United Nations Population Division, New York, World Population Prospects: The 2019 Revision, last accessed June 2019."
Slovenia,2019,Population mid-year estimates (millions),2.0787,,"United Nations Population Division, New York, World Population Prospects: The 2019 Revision, last accessed June 2019."
Solomon Islands,2019,Population mid-year estimates (millions),0.6698,,"United Nations Population Division, New York, World Population Prospects: The 2019 Revision, last accessed June 2019."
Somalia,2019,Population mid-year estimates (millions),15.4429,,"United Nations Population Division, New York, World Population Prospects: The 2019 Revision, last accessed June 2019."
South Africa,2019,Population mid-year estimates (millions),58.5583,,"United Nations Population Division, New York, World Population Prospects: The 2019 Revision, last accessed June 2019."
South Sudan,2019,Population mid-year estimates (millions),11.0621,,"United Nations Population Division, New York, World Population Prospects: The 2019 Revision, last accessed June 2019."
Spain,2019,Population mid-year estimates (millions),46.7368,"Including Canary Islands, Ceuta and Melilla.","United Nations Population Division, New York, World Population Prospects: The 2019 Revision, last accessed June 2019."
Sri Lanka,2019,Population mid-year estimates (millions),21.3237,,"United Nations Population Division, New York, World Population Prospects: The 2019 Revision, last accessed June 2019."
State of Palestine,2019,Population mid-year estimates (millions),4.9814,Including East Jerusalem.,"United Nations Population Division, New York, World Population Prospects: The 2019 Revision, last accessed June 2019."
Sudan,2019,Population mid-year estimates (millions),42.8132,,"United Nations Population Division, New York, World Population Prospects: The 2019 Revision, last accessed June 2019."
Suriname,2019,Population mid-year estimates (millions),0.5814,,"United Nations Population Division, New York, World Population Prospects: The 2019 Revision, last accessed June 2019."
Sweden,2019,Population mid-year estimates (millions),10.0364,,"United Nations Population Division, New York, World Population Prospects: The 2019 Revision, last accessed June 2019."
Switzerland,2019,Population mid-year estimates (millions),8.5914,,"United Nations Population Division, New York, World Population Prospects: The 2019 Revision, last accessed June 2019."
Syrian Arab Republic,2019,Population mid-year estimates (millions),17.0701,,"United Nations Population Division, New York, World Population Prospects: The 2019 Revision, last accessed June 2019."
Tajikistan,2019,Population mid-year estimates (millions),9.3210,,"United Nations Population Division, New York, World Population Prospects: The 2019 Revision, last accessed June 2019."
Thailand,2019,Population mid-year estimates (millions),69.6256,,"United Nations Population Division, New York, World Population Prospects: The 2019 Revision, last accessed June 2019."
Timor-Leste,2019,Population mid-year estimates (millions),1.2931,,"United Nations Population Division, New York, World Population Prospects: The 2019 Revision, last accessed June 2019."
Togo,2019,Population mid-year estimates (millions),8.0824,,"United Nations Population Division, New York, World Population Prospects: The 2019 Revision, last accessed June 2019."
Tokelau,2019,Population mid-year estimates (millions),0.0013,,"United Nations Population Division, New York, World Population Prospects: The 2019 Revision, last accessed June 2019."
Tonga,2019,Population mid-year estimates (millions),0.1045,,"United Nations Population Division, New York, World Population Prospects: The 2019 Revision, last accessed June 2019."
Trinidad and Tobago,2019,Population mid-year estimates (millions),1.3950,,"United Nations Population Division, New York, World Population Prospects: The 2019 Revision, last accessed June 2019."
Tunisia,2019,Population mid-year estimates (millions),11.6947,,"United Nations Population Division, New York, World Population Prospects: The 2019 Revision, last accessed June 2019."
Turkey,2019,Population mid-year estimates (millions),83.4296,,"United Nations Population Division, New York, World Population Prospects: The 2019 Revision, last accessed June 2019."
Turkmenistan,2019,Population mid-year estimates (millions),5.9421,,"United Nations Population Division, New York, World Population Prospects: The 2019 Revision, last accessed June 2019."
Turks and Caicos Islands,2019,Population mid-year estimates (millions),0.0382,,"United Nations Population Division, New York, World Population Prospects: The 2019 Revision, last accessed June 2019."
Tuvalu,2019,Population mid-year estimates (millions),0.0116,,"United Nations Population Division, New York, World Population Prospects: The 2019 Revision, last accessed June 2019."
Uganda,2019,Population mid-year estimates (millions),44.2696,,"United Nations Population Division, New York, World Population Prospects: The 2019 Revision, last accessed June 2019."
Ukraine,2019,Population mid-year estimates (millions),43.9936,Including Crimea.,"United Nations Population Division, New York, World Population Prospects: The 2019 Revision, last accessed June 2019."
United Arab Emirates,2019,Population mid-year estimates (millions),9.7705,,"United Nations Population Division, New York, World Population Prospects: The 2019 Revision, last accessed June 2019."
United Kingdom,2019,Population mid-year estimates (millions),67.5302,,"United Nations Population Division, New York, World Population Prospects: The 2019 Revision, last accessed June 2019."
United Rep. of Tanzania,2019,Population mid-year estimates (millions),58.0055,Including Zanzibar.,"United Nations Population Division, New York, World Population Prospects: The 2019 Revision, last accessed June 2019."
US,2019,Population mid-year estimates (millions),329.0649,,"United Nations Population Division, New York, World Population Prospects: The 2019 Revision, last accessed June 2019."
United States Virgin Islands,2019,Population mid-year estimates (millions),0.1046,,"United Nations Population Division, New York, World Population Prospects: The 2019 Revision, last accessed June 2019."
Uruguay,2019,Population mid-year estimates (millions),3.4617,,"United Nations Population Division, New York, World Population Prospects: The 2019 Revision, last accessed June 2019."
Uzbekistan,2019,Population mid-year estimates (millions),32.9817,,"United Nations Population Division, New York, World Population Prospects: The 2019 Revision, last accessed June 2019."
Vanuatu,2019,Population mid-year estimates (millions),0.2999,,"United Nations Population Division, New York, World Population Prospects: The 2019 Revision, last accessed June 2019."
Venezuela,2019,Population mid-year estimates (millions),28.5158,,"United Nations Population Division, New York, World Population Prospects: The 2019 Revision, last accessed June 2019."
Viet Nam,2019,Population mid-year estimates (millions),96.4621,,"United Nations Population Division, New York, World Population Prospects: The 2019 Revision, last accessed June 2019."
Wallis and Futuna Islands,2019,Population mid-year estimates (millions),0.0114,,"United Nations Population Division, New York, World Population Prospects: The 2019 Revision, last accessed June 2019."
Western Sahara,2019,Population mid-year estimates (millions),0.5825,,"United Nations Population Division, New York, World Population Prospects: The 2019 Revision, last accessed June 2019."
Yemen,2019,Population mid-year estimates (millions),29.1619,,"United Nations Population Division, New York, World Population Prospects: The 2019 Revision, last accessed June 2019."
Zambia,2019,Population mid-year estimates (millions),17.8610,,"United Nations Population Division, New York, World Population Prospects: The 2019 Revision, last accessed June 2019."
Zimbabwe,2019,Population mid-year estimates (millions),14.6455,,"United Nations Population Division, New York, World Population Prospects: The 2019 Revision, last accessed June 2019."
Hubei,2019,,57.2377,,
